N;DOIs;ISSN;Country_Paper;Country_Journal;Source_Paper;Quartile
P0018;10.1017/S0890060419000325;8900604;Algeria;United Kingdom;DZA;Q1
P0022;10.1111/jpim.12312;7376782;Australia;United Kingdom;AUS;Q1
P0026;10.3390/joitmc6040178;21998531;Australia;Switzerland;AUS;Q1
P0028;10.3390/joitmc7010023;21998531;Australia;Switzerland;AUS;Q1
P0029;10.1177/0008125620974435;81256;Australia;United States;AUS;Q1
P0030;10.1111/radm.12374;336807;Australia;United Kingdom;AUS;Q1
P0031;10.1108/ITP-03-2018-0119;9593845;Australia;United Kingdom;AUS;Q1
P0032;10.1016/j.techfore.2017.07.014;401625;Australia;United States;AUS;Q1
P0036;10.1016/j.im.2017.12.002;3787206;Australia;Netherlands;AUS;Q1
P0037;10.1108/IJOPM-12-2016-0753;1443577;Australia;United Kingdom;AUS;Q1
P0038;10.1108/JKM-09-2016-0423;13673270;Australia;United Kingdom;AUS;Q1
P0039;10.1016/j.im.2015.12.004;3787206;Australia;Netherlands;AUS;Q1
P0042;10.1016/j.im.2014.12.005;3787206;Australia;Netherlands;AUS;Q1
P0043;10.1504/IJTM.2010.035978;2675730;Australia;United Kingdom;AUS;Q1
P0044;10.1111/j.1467-9310.2006.00429.x;336807;Australia;United Kingdom;AUS;Q1
P0047;10.1007/s40171-013-0053-6;9722696;Austria;India;AUT;Q1
P0051;10.1108/JFBM-09-2018-0031;20436238;Austria;United Kingdom;AUT;Q1
P0055;10.1108/IJCHM-04-2016-0233;9596119;Austria;United Kingdom;AUT;Q1
P0056;10.1111/j.1467-8691.2012.00650.x;9631690;Austria;United Kingdom;AUT;Q1
P0057;10.1080/09654313.2011.618688;9654313;Austria;United Kingdom;AUT;Q1
P0060;10.3390/joitmc6040108;21998531;Bangladesh;Switzerland;BGD;Q1
P0061;10.1111/j.1467-8691.2008.00499.x;9631690;Belgium;United Kingdom;BEL;Q1
P0066;10.1016/j.ibusrev.2018.08.005;9695931;Belgium;United Kingdom;BEL;Q1
P0068;10.1016/j.biombioe.2016.03.017;9619534;Belgium;United Kingdom;BEL;Q1
P0069;10.1007/s11192-015-1628-0;1389130;Belgium;Netherlands;BEL;Q1
P0070;10.1016/j.respol.2013.12.008;487333;Belgium;Netherlands;BEL;Q1
P0071;10.1007/s11187-012-9453-9;0921898X;Belgium;Netherlands;BEL;Q1
P0072;10.1504/IJTM.2013.053037;2675730;Belgium;United Kingdom;BEL;Q1
P0073;10.1016/j.techfore.2011.08.009;401625;Belgium;United States;BEL;Q1
P0074;10.1016/j.technovation.2010.10.003;1664972;Belgium;United Kingdom;BEL;Q1
P0075;10.1016/j.techfore.2009.09.003;401625;Belgium;United States;BEL;Q1
P0076;10.1016/j.technovation.2009.08.004;1664972;Belgium;United Kingdom;BEL;Q1
P0077;10.1080/00343400701543694;343404;Belgium;United Kingdom;BEL;Q1
P0103;10.1016/j.techfore.2020.119985;401625;Brazil;United States;BRA;Q1
P0104;10.3390/joitmc6040179;21998531;Brazil;Switzerland;BRA;Q1
P0105;10.1016/j.jengtecman.2020.101603;9234748;Brazil;Netherlands;BRA;Q1
P0106;10.1016/j.ijproman.2020.06.006;2637863;Brazil;United Kingdom;BRA;Q1
P0107;10.1016/j.techfore.2019.119805;401625;Brazil;United States;BRA;Q1
P0108;10.1016/j.techfore.2019.119844;401625;Brazil;United States;BRA;Q1
P0110;10.1016/j.techfore.2018.02.014;401625;Brazil;United States;BRA;Q1
P0111;10.1016/j.technovation.2018.02.004;1664972;Brazil;United Kingdom;BRA;Q1
P0112;10.1016/j.techfore.2017.12.020;401625;Brazil;United States;BRA;Q1
P0113;10.1016/j.enpol.2017.06.007;3014215;Brazil;United Kingdom;BRA;Q1
P0114;10.1016/j.jclepro.2016.10.083;9596526;Brazil;Netherlands;BRA;Q1
P0115;10.1108/BPMJ-10-2016-0209;14637154;Brazil;United Kingdom;BRA;Q1
P0116;10.1016/j.technovation.2011.01.005;1664972;Brazil;United Kingdom;BRA;Q1
P0125;10.1177/0008125620973713;81256;Canada;United States;CAN;Q1
P0126;10.1108/JKM-04-2020-0319;13673270;Canada;United Kingdom;CAN;Q1
P0127;10.1016/j.respol.2018.02.018;487333;Canada;Netherlands;CAN;Q1
P0129;10.1016/j.technovation.2017.01.002;1664972;Canada;United Kingdom;CAN;Q1
P0130;10.1177/0266242616654957;2662426;Canada;United Kingdom;CAN;Q1
P0131;10.1007/s10961-016-9521-4;8929912;Canada;United States;CAN;Q1
P0132;10.1080/08985626.2016.1154984;8985626;Canada;United Kingdom;CAN;Q1
P0143;10.3390/joitmc4030037;21998531;China;Switzerland;CHN;Q1
P0146;10.1504/IJTM.2019.101290;2675730;China;United Kingdom;CHN;Q1
P0147;10.3390/joitmc5020031;21998531;China;Switzerland;CHN;Q1
P0154;10.3390/joitmc6040113;21998531;China;Switzerland;CHN;Q1
P0155;10.3390/joitmc7010016;21998531;China;Switzerland;CHN;Q1
P0156;10.1016/j.jbusres.2020.11.058;1482963;China;Netherlands;CHN;Q1
P0157;10.1108/MD-08-2019-1038;251747;China;United Kingdom;CHN;Q1
P0162;10.1109/TEM.2018.2889804;189391;China;United States;CHN;Q1
P0163;10.1108/IMDS-09-2019-0475;2635577;China;United Kingdom;CHN;Q1
P0164;10.1007/s11192-020-03520-7;1389130;China;Netherlands;CHN;Q1
P0166;10.1111/isj.12286;13501917;China;United Kingdom;CHN;Q1
P0167;10.1108/BPMJ-06-2019-0242;14637154;China;United Kingdom;CHN;Q1
P0169;10.1007/s11192-019-03321-7;1389130;China;Netherlands;CHN;Q1
P0170;10.1108/JBIM-01-2018-0051;8858624;China;United Kingdom;CHN;Q1
P0171;10.1016/j.jbusres.2019.10.011;1482963;China;Netherlands;CHN;Q1
P0173;10.1108/MD-08-2017-0775;251747;China;United Kingdom;CHN;Q1
P0176;10.1016/j.technovation.2019.05.005;1664972;China;United Kingdom;CHN;Q1
P0179;10.1016/j.techfore.2019.03.018;401625;China;United States;CHN;Q1
P0180;10.1016/j.techfore.2019.04.001;401625;China;United States;CHN;Q1
P0181;10.1016/j.techfore.2019.04.010;401625;China;United States;CHN;Q1
P0185;10.1080/0951192X.2019.1571233;0951192X;China;United Kingdom;CHN;Q1
P0189;10.1016/j.jengtecman.2018.04.004;9234748;China;Netherlands;CHN;Q1
P0195;10.1108/MD-04-2017-0452;251747;China;United Kingdom;CHN;Q1
P0196;10.1002/bse.1974;9644733;China;United States;CHN;Q1
P0197;10.1016/j.ijproman.2017.09.009;2637863;China;United Kingdom;CHN;Q1
P0200;10.1109/TEM.2017.2654362;189391;China;United States;CHN;Q1
P0201;10.1016/j.giq.2016.11.002;0740624X;China;United Kingdom;CHN;Q1
P0202;10.1108/MD-11-2016-0781;251747;China;United Kingdom;CHN;Q1
P0203;10.1108/JKM-09-2016-0368;13673270;China;United Kingdom;CHN;Q1
P0204;10.1108/MD-04-2016-0211;251747;China;United Kingdom;CHN;Q1
P0208;10.1504/IJTM.2015.065885;2675730;China;United Kingdom;CHN;Q1
P0209;10.1504/IJTM.2013.055142;2675730;China;United Kingdom;CHN;Q1
P0213;10.3390/joitmc6040181;21998531;Colombia;Switzerland;COL;Q1
P0214;10.1108/MBR-11-2017-0088;1525383X;Colombia;United Kingdom;COL;Q1
P0216;10.1007/s11187-018-0023-7;0921898X;Cyprus;Netherlands;CYP;Q1
P0218;10.3390/joitmc5040101;21998531;Czech Republic;Switzerland;CZR;Q1
P0219;10.3390/JOITMC6020042;21998531;Czech Republic;Switzerland;CZR;Q1
P0224;10.1108/MD-10-2019-1448;251747;Denmark;United Kingdom;DNK;Q1
P0226;10.1108/BFJ-07-2019-0534;0007070X;Denmark;United Kingdom;DNK;Q1
P0227;10.1080/13662716.2020.1754170;13662716;Denmark;United Kingdom;DNK;Q1
P0228;10.1016/j.giq.2020.101459;0740624X;Denmark;United Kingdom;DNK;Q1
P0229;10.1177/0008125619885150;81256;Denmark;United States;DNK;Q1
P0231;10.1016/j.techfore.2018.04.021;401625;Denmark;United States;DNK;Q1
P0232;10.1080/13662716.2019.1633910;13662716;Denmark;United Kingdom;DNK;Q1
P0233;10.1111/jpim.12474;7376782;Denmark;United Kingdom;DNK;Q1
P0234;10.1016/j.techfore.2017.05.031;401625;Denmark;United States;DNK;Q1
P0236;10.1177/0008125617745086;81256;Denmark;United States;DNK;Q1
P0237;10.1016/j.respol.2017.10.012;487333;Denmark;Netherlands;DNK;Q1
P0239;10.1108/BPMJ-04-2016-0076;14637154;Denmark;United Kingdom;DNK;Q1
P0240;10.1080/13662716.2016.1240068;13662716;Denmark;United Kingdom;DNK;Q1
P0241;10.1108/MD-04-2016-0223;251747;Denmark;United Kingdom;DNK;Q1
P0242;10.1108/BPMJ-10-2016-0212;14637154;Denmark;United Kingdom;DNK;Q1
P0243;10.1111/caim.12136;9631690;Denmark;United Kingdom;DNK;Q1
P0244;10.1016/j.technovation.2013.11.007;1664972;Denmark;United Kingdom;DNK;Q1
P0245;10.5437/08956308X5602006;8956308;Denmark;United Kingdom;DNK;Q1
P0246;10.1504/IJTM.2013.052670;2675730;Denmark;United Kingdom;DNK;Q1
P0247;10.1504/IJTM.2012.047245;2675730;Denmark;United Kingdom;DNK;Q1
P0248;10.3152/030234211X13070021633242;3023427;Denmark;United Kingdom;DNK;Q1
P0249;10.1016/j.respol.2005.07.002;487333;Denmark;Netherlands;DNK;Q1
P0252;10.1108/JKM-06-2020-0457;13673270;England;United Kingdom;ENG;Q1
P0253;10.1108/JIC-02-2020-0020;14691930;England;United Kingdom;ENG;Q1
P0254;10.1108/JKM-05-2020-0352;13673270;England;United Kingdom;ENG;Q1
P0255;10.1108/JKM-06-2020-0419;13673270;England;United Kingdom;ENG;Q1
P0257;10.1108/JIC-04-2020-0113;14691930;England;United Kingdom;ENG;Q1
P0258;10.1108/JKM-04-2020-0300;13673270;England;United Kingdom;ENG;Q1
P0259;10.1108/JIC-03-2020-0076;14691930;England;United Kingdom;ENG;Q1
P0260;10.1080/13662716.2020.1792274;13662716;England;United Kingdom;ENG;Q1
P0261;10.1108/IJCMA-09-2019-0165;10444068;England;United Kingdom;ENG;Q1
P0264;10.1080/16184742.2020.1768572;16184742;England;United Kingdom;ENG;Q1
P0266;10.1080/13683500.2020.1754356;13683500;England;United Kingdom;ENG;Q1
P0270;10.1080/14719037.2019.1695884;14719037;England;United Kingdom;ENG;Q1
P0271;10.1016/j.futures.2018.03.012;163287;England;United Kingdom;ENG;Q1
P0272;10.1108/MD-02-2017-0173;251747;England;United Kingdom;ENG;Q1
P0273;10.1108/MD-04-2017-0445;251747;England;United Kingdom;ENG;Q1
P0274;10.1108/MD-05-2017-0481;251747;England;United Kingdom;ENG;Q1
P0275;10.1108/MD-04-2017-0407;251747;England;United Kingdom;ENG;Q1
P0276;10.1108/MD-03-2017-0268;251747;England;United Kingdom;ENG;Q1
P0277;10.1108/MD-04-2017-0392;251747;England;United Kingdom;ENG;Q1
P0278;10.1108/MD-04-2017-0408;251747;England;United Kingdom;ENG;Q1
P0279;10.1108/MD-05-2017-0535;251747;England;United Kingdom;ENG;Q1
P0280;10.1016/j.lrp.2016.05.004;246301;England;United Kingdom;ENG;Q1
P0281;10.1016/j.lrp.2015.12.011;246301;England;United Kingdom;ENG;Q1
P0282;10.1016/j.tifs.2016.08.008;9242244;England;Netherlands;ENG;Q1
P0284;10.1186/1744-8603-9-41;17448603;England;United Kingdom;ENG;Q1
P0285;10.1108/S0742-3322(2013)0000030011;7423322;England;United Kingdom;ENG;Q1
P0288;10.1080/13662710802033734;13662716;England;United Kingdom;ENG;Q1
P0316;10.3390/JOITMC6020039;21998531;Finland;Switzerland;FIN;Q1
P0319;10.1016/j.jbusres.2019.07.038;1482963;Finland;Netherlands;FIN;Q1
P0320;10.1109/ACCESS.2020.3041326;21693536;Finland;United States;FIN;Q1
P0321;10.1016/j.ijinfomgt.2017.09.006;2684012;Finland;United Kingdom;FIN;Q1
P0324;10.1504/IJTM.2014.064591;2675730;Finland;United Kingdom;FIN;Q1
P0325;10.1108/03090561211248071;3090566;Finland;United Kingdom;FIN;Q1
P0347;10.1177/0008125620968609;81256;France;United States;FRA;Q1
P0348;10.1016/j.jbusres.2019.08.016;1482963;France;Netherlands;FRA;Q1
P0349;10.1109/TEM.2018.2889538;189391;France;United States;FRA;Q1
P0350;10.1016/j.techfore.2019.119906;401625;France;United States;FRA;Q1
P0351;10.1080/09537287.2019.1582097;9537287;France;United Kingdom;FRA;Q1
P0352;10.1016/j.techfore.2019.05.004;401625;France;United States;FRA;Q1
P0354;10.1016/j.ibusrev.2017.12.001;9695931;France;United Kingdom;FRA;Q1
P0355;10.1016/j.techfore.2017.02.009;401625;France;United States;FRA;Q1
P0356;10.1504/IJTM.2015.071030;2675730;France;United Kingdom;FRA;Q1
P0357;10.1108/MD-09-2012-0621;251747;France;United Kingdom;FRA;Q1
P0358;10.1177/0042098011427186;420980;France;United Kingdom;FRA;Q1
P0359;10.1016/j.emj.2010.10.007;2632373;France;United Kingdom;FRA;Q1
P0360;10.1007/s40821-017-0101-9;13094297;Georgia;Switzerland;GEO;Q1
P0362;10.1111/j.1467-8691.2007.00451.x;9631690;Germany;United Kingdom;DEU;Q1
P0364;10.1080/08956308.2008.11657504;8956308;Germany;United Kingdom;DEU;Q1
P0366;10.1365/s11576-008-0024-2;9376429;Germany;Germany;DEU;Q1
P0369;10.1111/j.1467-9310.2009.00565.x;336807;Germany;United Kingdom;DEU;Q1
P0370;10.1504/IJTM.2010.035985;2675730;Germany;United Kingdom;DEU;Q1
P0372;10.3139/104.110626;9470085;Germany;Germany;DEU;Q1
P0376;10.1016/j.nano.2011.05.015;15499634;Germany;Netherlands;DEU;Q1
P0380;10.1111/caim.12028;9631690;Germany;United Kingdom;DEU;Q1
P0383;10.3139/104.111123;9470085;Germany;Germany;DEU;Q1
P0385;10.1017/dsj.2016.4;20534701;Germany;United Kingdom;DEU;Q1
P0390;10.1002/tie.21774;10964762;Germany;United States;DEU;Q1
P0395;10.3139/104.111887;9470085;Germany;Germany;DEU;Q1
P0397;10.1186/s40852-018-0091-6;21998531;Germany;Switzerland;DEU;Q1
P0398;10.1109/MMUL.2018.2873495;1070986X;Germany;United States;DEU;Q1
P0404;10.1007/s11187-019-00175-4;0921898X;Germany;Netherlands;DEU;Q1
P0405;10.1007/s11846-020-00419-8;18636683;Germany;Germany;DEU;Q1
P0406;10.1016/j.jbusres.2020.05.055;1482963;Germany;Netherlands;DEU;Q1
P0407;10.1016/j.techfore.2018.07.036;401625;Germany;United States;DEU;Q1
P0409;10.1016/j.techfore.2019.119891;401625;Germany;United States;DEU;Q1
P0411;10.1007/s12525-018-0325-2;10196781;Germany;Germany;DEU;Q1
P0412;10.1016/j.respol.2019.103822;487333;Germany;Netherlands;DEU;Q1
P0413;10.1016/j.techfore.2018.06.022;401625;Germany;United States;DEU;Q1
P0414;10.1111/jpim.12485;7376782;Germany;United Kingdom;DEU;Q1
P0415;10.1007/s11846-017-0248-x;18636683;Germany;Germany;DEU;Q1
P0416;10.1080/14479338.2018.1514259;14479338;Germany;United Kingdom;DEU;Q1
P0418;10.1002/sej.1282;19324391;Germany;United States;DEU;Q1
P0419;10.1111/caim.12252;9631690;Germany;United Kingdom;DEU;Q1
P0420;10.1080/14719037.2017.1320044;14719037;Germany;United Kingdom;DEU;Q1
P0421;10.1007/s12599-016-0456-y;18670202;Germany;Germany;DEU;Q1
P0422;10.1016/j.techfore.2017.03.022;401625;Germany;United States;DEU;Q1
P0423;10.1108/JKM-11-2016-0509;13673270;Germany;United Kingdom;DEU;Q1
P0424;10.1108/BPMJ-03-2016-0066;14637154;Germany;United Kingdom;DEU;Q1
P0425;10.1080/0951192X.2015.1107913;0951192X;Germany;United Kingdom;DEU;Q1
P0426;10.1007/s11266-015-9571-5;9578765;Germany;United States;DEU;Q1
P0427;10.1016/j.landurbplan.2016.03.003;1692046;Germany;Netherlands;DEU;Q1
P0428;10.1080/16184742.2016.1164735;16184742;Germany;United Kingdom;DEU;Q1
P0429;10.1093/icc/dtw003;9606491;Germany;United Kingdom;DEU;Q1
P0430;10.1111/radm.12138;336807;Germany;United Kingdom;DEU;Q1
P0431;10.1016/j.actaastro.2015.05.023;945765;Germany;United Kingdom;DEU;Q1
P0433;10.1504/IJTM.2015.071031;2675730;Germany;United Kingdom;DEU;Q1
P0434;10.1016/j.intman.2014.09.003;10754253;Germany;United States;DEU;Q1
P0436;10.1016/j.respol.2013.08.014;487333;Germany;Netherlands;DEU;Q1
P0438;10.1111/joms.12000;222380;Germany;United Kingdom;DEU;Q1
P0441;10.1016/j.healthpol.2012.02.009;1688510;Germany;Ireland;DEU;Q1
P0442;10.1016/j.compind.2010.12.003;1663615;Germany;Netherlands;DEU;Q1
P0443;10.5465/AMP.2011.59198451;15589080;Germany;United States;DEU;Q1
P0444;10.1016/j.technovation.2010.04.001;1664972;Germany;United Kingdom;DEU;Q1
P0445;10.1111/j.1467-9310.2010.00595.x;336807;Germany;United Kingdom;DEU;Q1
P0446;10.1504/IJTM.2010.035980;2675730;Germany;United Kingdom;DEU;Q1
P0447;10.1504/IJTM.2010.035981;2675730;Germany;United Kingdom;DEU;Q1
P0448;10.1504/IJTM.2010.029421;2675730;Germany;United Kingdom;DEU;Q1
P0449;10.1111/j.1467-9310.2009.00561.x;336807;Germany;United Kingdom;DEU;Q1
P0450;10.1111/j.1467-9310.2009.00562.x;336807;Germany;United Kingdom;DEU;Q1
P0451;10.1111/j.1467-9310.2009.00568.x;336807;Germany;United Kingdom;DEU;Q1
P0452;10.1109/TEM.2007.912932;189391;Germany;United States;DEU;Q1
P0453;10.1016/j.respol.2006.04.010;487333;Germany;Netherlands;DEU;Q1
P0454;10.3390/joitmc6030071;21998531;Ghana;Switzerland;GHA;Q1
P0456;10.3390/joitmc6040195;21998531;Greece;Switzerland;GRC;Q1
P0458;10.1016/j.giq.2016.09.004;0740624X;Greece;United Kingdom;GRC;Q1
P0461;10.3390/joitmc5040090;21998531;Hungary;Switzerland;HUN;Q1
P0462;10.1108/BPMJ-05-2020-0231;14637154;Hungary;United Kingdom;HUN;Q1
P0463;10.1108/BFJ-10-2015-0399;0007070X;Hungary;United Kingdom;HUN;Q1
P0466;10.1186/s40852-015-0008-6;21998531;India;Switzerland;IND;Q1
P0467;10.1186/s40852-017-0062-3;21998531;India;Switzerland;IND;Q1
P0475;10.3390/joitmc5040095;21998531;Indonesia;Switzerland;IDN;Q1
P0478;10.3390/joitmc6020025;21998531;Indonesia;Switzerland;IDN;Q1
P0479;10.3390/JOITMC6010020;21998531;Indonesia;Switzerland;IDN;Q1
P0480;10.3390/JOITMC6030074;21998531;Indonesia;Switzerland;IDN;Q1
P0481;10.3390/JOITMC6030057;21998531;Indonesia;Switzerland;IDN;Q1
P0482;10.3390/joitmc6040182;21998531;Indonesia;Switzerland;IDN;Q1
P0483;10.3390/joitmc6040173;21998531;Indonesia;Switzerland;IDN;Q1
P0484;10.3390/joitmc6040099;21998531;Indonesia;Switzerland;IDN;Q1
P0485;10.3390/joitmc6040103;21998531;Indonesia;Switzerland;IDN;Q1
P0487;10.3390/joitmc7010020;21998531;Indonesia;Switzerland;IDN;Q1
P0494;10.1080/14479338.2020.1758566;14479338;Iran;United Kingdom;IRA;Q1
P0497;10.1145/1719051.1719056;950033;Ireland;United States;IRL;Q1
P0501;10.3390/joitmc4040057;21998531;Ireland;Switzerland;IRL;Q1
P0503;10.1108/JEIM-10-2013-0078;17410398;Ireland;United Kingdom;IRL;Q1
P0504;10.1057/ejis.2010.65;0960085X;Ireland;United Kingdom;IRL;Q1
P0505;10.1108/09593840911002423;9593845;Ireland;United Kingdom;IRL;Q1
P0512;10.1016/j.ccs.2011.09.001;18779166;Italy;Netherlands;ITA;Q1
P0525;10.1108/JIC-06-2014-0078;14691930;Italy;United Kingdom;ITA;Q1
P0542;10.1504/EJIM.2017.085583;17516757;Italy;United Kingdom;ITA;Q1
P0543;10.1021/acs.jmedchem.6b01685;222623;Italy;United States;ITA;Q1
P0546;10.3390/joitmc4030033;21998531;Italy;Switzerland;ITA;Q1
P0547;10.3390/joitmc4030038;21998531;Italy;Switzerland;ITA;Q1
P0548;10.3390/joitmc5040099;21998531;Italy;Switzerland;ITA;Q1
P0551;10.1108/EMJB-05-2018-0031;14502194;Italy;United Kingdom;ITA;Q1
P0558;10.3390/joitmc6010015;21998531;Italy;Switzerland;ITA;Q1
P0559;10.1108/CR-10-2019-0101;10595422;Italy;United Kingdom;ITA;Q1
P0560;10.3390/joitmc6020029;21998531;Italy;Switzerland;ITA;Q1
P0563;10.3390/joitmc6040165;21998531;Italy;Switzerland;ITA;Q1
P0570;10.1016/j.jbusres.2020.09.043;1482963;Italy;Netherlands;ITA;Q1
P0572;10.1111/radm.12440;336807;Italy;United Kingdom;ITA;Q1
P0573;10.1016/j.jbusres.2019.02.072;1482963;Italy;Netherlands;ITA;Q1
P0574;10.1016/j.jbusres.2018.12.043;1482963;Italy;Netherlands;ITA;Q1
P0575;10.1108/BPMJ-03-2019-0142;14637154;Italy;United Kingdom;ITA;Q1
P0576;10.1016/j.techfore.2020.120128;401625;Italy;United States;ITA;Q1
P0578;10.1016/j.techfore.2020.119994;401625;Italy;United States;ITA;Q1
P0579;10.1111/caim.12375;9631690;Italy;United Kingdom;ITA;Q1
P0580;10.1080/07421222.2020.1759344;7421222;Italy;United States;ITA;Q1
P0581;10.1016/j.techfore.2019.119843;401625;Italy;United States;ITA;Q1
P0585;10.1111/caim.12337;9631690;Italy;United Kingdom;ITA;Q1
P0588;10.1108/JBIM-09-2018-0276;8858624;Italy;United Kingdom;ITA;Q1
P0589;10.1111/caim.12331;9631690;Italy;United Kingdom;ITA;Q1
P0590;10.1111/joms.12418;222380;Italy;United Kingdom;ITA;Q1
P0592;10.1108/BPMJ-06-2017-0173;14637154;Italy;United Kingdom;ITA;Q1
P0595;10.1108/BFJ-07-2018-0472;0007070X;Italy;United Kingdom;ITA;Q1
P0596;10.1108/JKM-10-2018-0625;13673270;Italy;United Kingdom;ITA;Q1
P0597;10.1111/caim.12272;9631690;Italy;United Kingdom;ITA;Q1
P0598;10.1016/j.techfore.2017.02.034;401625;Italy;United States;ITA;Q1
P0603;10.1007/s10726-018-9568-8;9262644;Italy;Netherlands;ITA;Q1
P0604;10.1111/jpim.12382;7376782;Italy;United Kingdom;ITA;Q1
P0608;10.1111/caim.12224;9631690;Italy;United Kingdom;ITA;Q1
P0609;10.1177/0008125617738260;81256;Italy;United States;ITA;Q1
P0610;10.1108/BPMJ-11-2016-0230;14637154;Italy;United Kingdom;ITA;Q1
P0611;10.1016/j.jclepro.2017.09.168;9596526;Italy;Netherlands;ITA;Q1
P0612;10.1007/s10726-017-9524-z;9262644;Italy;Netherlands;ITA;Q1
P0614;10.1177/0266242616664798;2662426;Italy;United Kingdom;ITA;Q1
P0615;10.1016/j.enpol.2017.01.049;3014215;Italy;United Kingdom;ITA;Q1
P0616;10.1016/j.techfore.2017.02.022;401625;Italy;United States;ITA;Q1
P0617;10.1177/1350507616672735;13505076;Italy;United Kingdom;ITA;Q1
P0618;10.1108/BFJ-04-2017-0213;0007070X;Italy;United Kingdom;ITA;Q1
P0619;10.1108/JKM-10-2016-0432;13673270;Italy;United Kingdom;ITA;Q1
P0620;10.1108/JKM-11-2016-0517;13673270;Italy;United Kingdom;ITA;Q1
P0621;10.1108/JKM-11-2016-0515;13673270;Italy;United Kingdom;ITA;Q1
P0622;10.1108/BPMJ-10-2016-0219;14637154;Italy;United Kingdom;ITA;Q1
P0623;10.1080/10580530.2017.1330000;10580530;Italy;United Kingdom;ITA;Q1
P0624;10.1108/MD-03-2016-0203;251747;Italy;United Kingdom;ITA;Q1
P0627;10.1093/scipol/scw001;3023427;Italy;United Kingdom;ITA;Q1
P0628;10.1111/jpim.12319;7376782;Italy;United Kingdom;ITA;Q1
P0629;10.1016/j.emj.2016.02.008;2632373;Italy;United Kingdom;ITA;Q1
P0631;10.1007/s11747-014-0423-4;920703;Italy;United States;ITA;Q1
P0633;10.1504/IJTM.2016.075152;2675730;Italy;United Kingdom;ITA;Q1
P0634;10.1108/MD-02-2015-0052;251747;Italy;United Kingdom;ITA;Q1
P0635;10.1080/09585192.2014.1003080;9585192;Italy;United Kingdom;ITA;Q1
P0636;10.1111/jsbm.12091;472778;Italy;United Kingdom;ITA;Q1
P0637;10.1109/TEM.2015.2437076;189391;Italy;United States;ITA;Q1
P0638;10.1016/j.ijpe.2014.10.002;9255273;Italy;Netherlands;ITA;Q1
P0639;10.1504/EJIM.2015.067854;17516757;Italy;United Kingdom;ITA;Q1
P0640;10.1016/j.respol.2013.12.002;487333;Italy;Netherlands;ITA;Q1
P0641;10.1016/j.respol.2013.08.015;487333;Italy;Netherlands;ITA;Q1
P0642;10.1080/17538947.2013.804600;17538947;Italy;United Kingdom;ITA;Q1
P0643;10.1080/09537287.2011.647876;9537287;Italy;United Kingdom;ITA;Q1
P0644;10.1108/JKM-03-2013-0180;13673270;Italy;United Kingdom;ITA;Q1
P0645;10.5172/impp.2012.14.4.557;14479338;Italy;United Kingdom;ITA;Q1
P0646;10.1016/j.technovation.2010.03.002;1664972;Italy;United Kingdom;ITA;Q1
P0647;10.1016/j.technovation.2009.08.007;1664972;Italy;United Kingdom;ITA;Q1
P0648;10.1111/j.1467-9310.2010.00613.x;336807;Italy;United Kingdom;ITA;Q1
P0649;10.1111/j.1467-9310.2010.00589.x;336807;Italy;United Kingdom;ITA;Q1
P0650;10.1525/cmr.2010.52.3.132;81256;Italy;United States;ITA;Q1
P0654;10.1186/s40852-015-0003-y;21998531;Japan;Switzerland;JPN;Q1
P0656;10.1186/s40852-017-0073-0;21998531;Japan;Switzerland;JPN;Q1
P0662;10.1007/s10961-019-09763-8;8929912;Japan;United States;JPN;Q1
P0665;10.1016/j.techfore.2010.04.019;401625;Japan;United States;JPN;Q1
P0666;10.1111/j.1467-9310.2010.00598.x;336807;Japan;United Kingdom;JPN;Q1
P0668;10.1186/s40852-015-0021-9;21998531;Latvia;Switzerland;LVA;Q1
P0669;10.1186/s40852-017-0053-4;21998531;Latvia;Switzerland;LVA;Q1
P0670;10.3390/joitmc5010010;21998531;Latvia;Switzerland;LVA;Q1
P0675;10.1016/j.techfore.2020.120332;401625;Lithuania;United States;LTU;Q1
P0683;10.1007/s11628-015-0301-2;18628516;Luxembourg;Germany;LUX;Q1
P0684;10.1016/j.technovation.2010.08.002;1664972;Luxembourg;United Kingdom;LUX;Q1
P0685;10.1080/09585192.2018.1511616;9585192;Macau;United Kingdom;MAC;Q1
P0688;10.3390/joitmc5040097;21998531;Malaysia;Switzerland;MYS;Q1
P0689;10.3390/joitmc6040128;21998531;Malaysia;Switzerland;MYS;Q1
P0690;10.3390/joitmc7010034;21998531;Malaysia;Switzerland;MYS;Q1
P0691;10.1108/MD-08-2017-0766;251747;Malaysia;United Kingdom;MYS;Q1
P0693;10.1108/IMDS-10-2013-0407;2635577;Malaysia;United Kingdom;MYS;Q1
P0694;10.3390/joitmc7010019;21998531;Malta;Switzerland;MLT;Q1
P0698;10.3390/joitmc5030072;21998531;Mexico;Switzerland;MEX;Q1
P0699;10.3390/joitmc7010037;21998531;Mexico;Switzerland;MEX;Q1
P0700;10.3390/joitmc7010008;21998531;Mexico;Switzerland;MEX;Q1
P0701;10.3390/joitmc7010040;21998531;Mexico;Switzerland;MEX;Q1
P0704;10.1080/08956308.2005.11657321;8956308;Netherlands;United Kingdom;NET;Q1
P0705;10.1111/j.1467-8691.2007.00433.x;9631690;Netherlands;United Kingdom;NET;Q1
P0707;10.1504/IJTM.2010.035974;2675730;Netherlands;United Kingdom;NET;Q1
P0708;10.1111/j.1467-9310.2010.00590.x;336807;Netherlands;United Kingdom;NET;Q1
P0710;10.1111/1746-692X.12021;14780917;Netherlands;United States;NET;Q1
P0711;10.17705/1jais.00378;15369323;Netherlands;United States;NET;Q1
P0712;10.1186/s40852-016-0039-7;21998531;Netherlands;Switzerland;NET;Q1
P0717;10.1177/0008125620968636;81256;Netherlands;United States;NET;Q1
P0718;10.1007/s10460-020-10172-z;0889048X;Netherlands;Netherlands;NET;Q1
P0721;10.1016/j.technovation.2018.06.006;1664972;Netherlands;United Kingdom;NET;Q1
P0722;10.1177/0008125617745087;81256;Netherlands;United States;NET;Q1
P0723;10.1108/IJOPM-06-2015-0337;1443577;Netherlands;United Kingdom;NET;Q1
P0724;10.1080/08956308.2018.1471273;8956308;Netherlands;United Kingdom;NET;Q1
P0726;10.1016/j.actaastro.2017.09.019;945765;Netherlands;United Kingdom;NET;Q1
P0727;10.1016/j.techfore.2016.12.021;401625;Netherlands;United States;NET;Q1
P0728;10.1108/JKM-09-2016-0410;13673270;Netherlands;United Kingdom;NET;Q1
P0730;10.1111/caim.12105;9631690;Netherlands;United Kingdom;NET;Q1
P0731;10.1287/orsc.2014.0911;10477039;Netherlands;United States;NET;Q1
P0732;10.1111/jpim.12148;7376782;Netherlands;United Kingdom;NET;Q1
P0733;10.1016/j.ijpe.2013.02.004;9255273;Netherlands;Netherlands;NET;Q1
P0734;10.1080/09654313.2013.733504;9654313;Netherlands;United Kingdom;NET;Q1
P0736;10.1016/j.technovation.2010.10.002;1664972;Netherlands;United Kingdom;NET;Q1
P0737;10.1111/j.1540-5885.2010.00752.x;7376782;Netherlands;United Kingdom;NET;Q1
P0738;10.1016/j.respol.2010.01.008;487333;Netherlands;Netherlands;NET;Q1
P0739;10.1504/IJTM.2010.035977;2675730;Netherlands;United Kingdom;NET;Q1
P0741;10.1111/j.1540-5885.2007.00268.x;7376782;Netherlands;United Kingdom;NET;Q1
P0744;10.1108/JBIM-10-2013-0236;8858624;New Zealand;United Kingdom;NZL;Q1
P0749;10.1016/j.emj.2014.11.002;2632373;Norway;United Kingdom;NOR;Q1
P0750;10.1080/13662716.2012.726807;13662716;Norway;United Kingdom;NOR;Q1
P0752;10.3152/030234210X489590;3023427;Norway;United Kingdom;NOR;Q1
P0753;10.1108/09593840911002469;9593845;Norway;United Kingdom;NOR;Q1
P0754;10.3390/JOITMC6030089;21998531;Pakistan;Switzerland;PAK;Q1
P0755;10.3390/joitmc6040159;21998531;Pakistan;Switzerland;PAK;Q1
P0756;10.1016/j.ijhm.2020.102745;2784319;Pakistan;United Kingdom;PAK;Q1
P0757;10.1016/j.ijinfomgt.2020.102260;2684012;Pakistan;United Kingdom;PAK;Q1
P0761;10.1108/00251741211246941;251747;Peru;United Kingdom;PER;Q1
P0762;10.3390/joitmc5040094;21998531;Philippines;Switzerland;PHI;Q1
P0763;10.3390/joitmc6010008;21998531;Philippines;Switzerland;PHI;Q1
P0768;10.3390/JOITMC6030084;21998531;Poland;Switzerland;POL;Q1
P0769;10.3390/joitmc7010021;21998531;Poland;Switzerland;POL;Q1
P0774;10.1016/j.tifs.2008.09.006;9242244;Portugal;Netherlands;PRT;Q1
P0776;10.3390/joitmc5030071;21998531;Portugal;Switzerland;PRT;Q1
P0778;10.3390/joitmc7010041;21998531;Portugal;Switzerland;PRT;Q1
P0779;10.3390/joitmc7010051;21998531;Portugal;Switzerland;PRT;Q1
P0785;10.1016/j.jbusres.2013.02.027;1482963;Portugal;Netherlands;PRT;Q1
P0789;10.1186/s40852-016-0046-8;21998531;Russian Federation;Switzerland;RUS;Q1
P0791;10.3390/joitmc6030085;21998531;Russian Federation;Switzerland;RUS;Q1
P0793;10.3390/JOITMC6030060;21998531;Russian Federation;Switzerland;RUS;Q1
P0794;10.3390/joitmc6040197;21998531;Russian Federation;Switzerland;RUS;Q1
P0795;10.3390/joitmc6040174;21998531;Russian Federation;Switzerland;RUS;Q1
P0796;10.3390/joitmc6040111;21998531;Russian Federation;Switzerland;RUS;Q1
P0797;10.3390/joitmc7010032;21998531;Russian Federation;Switzerland;RUS;Q1
P0799;10.1080/14479338.2018.1530565;14479338;Russian Federation;United Kingdom;RUS;Q1
P0800;10.1080/13662716.2018.1496815;13662716;Russian Federation;United Kingdom;RUS;Q1
P0801;10.1108/MD-04-2017-0301;251747;Russian Federation;United Kingdom;RUS;Q1
P0802;10.1108/JKM-11-2016-0510;13673270;Russian Federation;United Kingdom;RUS;Q1
P0803;10.1108/BPMJ-10-2016-0208;14637154;San Marino;United Kingdom;SMR;Q1
P0804;10.1080/09585192.2011.561250;9585192;San Marino;United Kingdom;SMR;Q1
P0805;10.3390/JOITMC6030087;21998531;Saudi Arabia;Switzerland;SAU;Q1
P0806;10.3390/joitmc6040138;21998531;Saudi Arabia;Switzerland;SAU;Q1
P0809;10.5172/impp.2012.14.3.290;14479338;Serbia;United Kingdom;SRB;Q1
P0811;10.1016/j.techfore.2019.119845;401625;Singapore;United States;SGP;Q1
P0814;10.1016/j.techfore.2019.119892;401625;Slovenia;United States;SVN;Q1
P0815;10.1080/14479338.2019.1615376;14479338;Slovenia;United Kingdom;SVN;Q1
P0816;10.1108/MD-04-2017-0382;251747;Slovenia;United Kingdom;SVN;Q1
P0819;10.1080/14479338.2016.1213136;14479338;Slovenia;United Kingdom;SVN;Q1
P0829;10.1186/s40852-015-0020-x;21998531;South Korea;Switzerland;KOR;Q1
P0830;10.1186/s40852-015-0019-3;21998531;South Korea;Switzerland;KOR;Q1
P0831;10.1186/s40852-015-0026-4;21998531;South Korea;Switzerland;KOR;Q1
P0832;10.1186/s40852-016-0033-0;21998531;South Korea;Switzerland;KOR;Q1
P0834;10.1186/s40852-017-0074-z;21998531;South Korea;Switzerland;KOR;Q1
P0835;10.1186/s40852-016-0051-y;21998531;South Korea;Switzerland;KOR;Q1
P0836;10.1186/s40852-017-0054-3;21998531;South Korea;Switzerland;KOR;Q1
P0839;10.1080/08956308.2017.1325688;8956308;South Korea;United Kingdom;KOR;Q1
P0840;10.1186/s40852-017-0078-8;21998531;South Korea;Switzerland;KOR;Q1
P0841;10.1186/s40852-018-0082-7;21998531;South Korea;Switzerland;KOR;Q1
P0842;10.3390/joitmc4030021;21998531;South Korea;Switzerland;KOR;Q1
P0843;10.3390/joitmc4030022;21998531;South Korea;Switzerland;KOR;Q1
P0844;10.3390/joitmc4030031;21998531;South Korea;Switzerland;KOR;Q1
P0845;10.3390/joitmc4030034;21998531;South Korea;Switzerland;KOR;Q1
P0846;10.3390/joitmc4040042;21998531;South Korea;Switzerland;KOR;Q1
P0847;10.3390/joitmc4040048;21998531;South Korea;Switzerland;KOR;Q1
P0848;10.3390/joitmc4040053;21998531;South Korea;Switzerland;KOR;Q1
P0849;10.3390/joitmc5040103;21998531;South Korea;Switzerland;KOR;Q1
P0850;10.3390/joitmc5040102;21998531;South Korea;Switzerland;KOR;Q1
P0851;10.3390/joitmc5040087;21998531;South Korea;Switzerland;KOR;Q1
P0852;10.3390/joitmc5040092;21998531;South Korea;Switzerland;KOR;Q1
P0853;10.3390/joitmc5040086;21998531;South Korea;Switzerland;KOR;Q1
P0854;10.3390/joitmc5040073;21998531;South Korea;Switzerland;KOR;Q1
P0856;10.3390/joitmc5020023;21998531;South Korea;Switzerland;KOR;Q1
P0857;10.3390/joitmc5030041;21998531;South Korea;Switzerland;KOR;Q1
P0859;10.3390/JOITMC6020043;21998531;South Korea;Switzerland;KOR;Q1
P0860;10.3390/JOITMC6020036;21998531;South Korea;Switzerland;KOR;Q1
P0861;10.3390/JOITMC6030066;21998531;South Korea;Switzerland;KOR;Q1
P0862;10.3390/JOITMC6030051;21998531;South Korea;Switzerland;KOR;Q1
P0863;10.3390/joitmc6040131;21998531;South Korea;Switzerland;KOR;Q1
P0864;10.3390/joitmc6040120;21998531;South Korea;Switzerland;KOR;Q1
P0865;10.3390/joitmc6040101;21998531;South Korea;Switzerland;KOR;Q1
P0868;10.1016/j.techfore.2020.120046;401625;South Korea;United States;KOR;Q1
P0871;10.1080/09654313.2020.1721438;9654313;South Korea;United Kingdom;KOR;Q1
P0873;10.1016/j.techfore.2019.119842;401625;South Korea;United States;KOR;Q1
P0874;10.1371/journal.pone.0223405;19326203;South Korea;United States;KOR;Q1
P0875;10.1016/j.techfore.2018.01.037;401625;South Korea;United States;KOR;Q1
P0879;10.1016/j.techfore.2018.11.006;401625;South Korea;United States;KOR;Q1
P0881;10.1007/s00191-018-0596-y;9369937;South Korea;Germany;KOR;Q1
P0887;10.1108/IMDS-02-2017-0044;2635577;South Korea;United Kingdom;KOR;Q1
P0892;10.1111/radm.12264;336807;South Korea;United Kingdom;KOR;Q1
P0896;10.1108/JKM-07-2016-0295;13673270;South Korea;United Kingdom;KOR;Q1
P0905;10.1016/j.emj.2015.10.002;2632373;South Korea;United Kingdom;KOR;Q1
P0906;10.1504/IJTM.2016.075155;2675730;South Korea;United Kingdom;KOR;Q1
P0909;10.1093/scipol/scu085;3023427;South Korea;United Kingdom;KOR;Q1
P0910;10.1111/radm.12088;336807;South Korea;United Kingdom;KOR;Q1
P0912;10.1108/MD-12-2014-0681;251747;South Korea;United Kingdom;KOR;Q1
P0914;10.1108/IMDS-03-2014-0086;2635577;South Korea;United Kingdom;KOR;Q1
P0915;10.1016/j.jengtecman.2013.06.001;9234748;South Korea;Netherlands;KOR;Q1
P0916;10.5172/impp.2012.14.3.349;14479338;South Korea;United Kingdom;KOR;Q1
P0917;10.1016/j.eswa.2011.01.044;9574174;South Korea;United Kingdom;KOR;Q1
P0918;10.1016/j.respol.2009.12.009;487333;South Korea;Netherlands;KOR;Q1
P0919;10.1504/IJTM.2010.035975;2675730;South Korea;United Kingdom;KOR;Q1
P0920;10.1016/S1138-5758(10)70025-6;11385758;Spain;Netherlands;ESP;Q1
P0921;10.1080/08956308.2010.11657630;8956308;Spain;United Kingdom;ESP;Q1
P0923;10.1021/ml200135p;19485875;Spain;United States;ESP;Q1
P0925;10.1016/j.eswa.2012.02.015;9574174;Spain;United Kingdom;ESP;Q1
P0926;10.1080/03043797.2011.644762;3043797;Spain;United Kingdom;ESP;Q1
P0930;10.1260/1757-2223.5.4.225;17572223;Spain;United Kingdom;ESP;Q1
P0931;10.1108/JIC-07-2014-0083;14691930;Spain;United Kingdom;ESP;Q1
P0937;10.1080/09537287.2017.1306895;9537287;Spain;United Kingdom;ESP;Q1
P0944;10.3390/joitmc5040091;21998531;Spain;Switzerland;ESP;Q1
P0945;10.3390/joitmc5040096;21998531;Spain;Switzerland;ESP;Q1
P0952;10.3390/joitmc6040186;21998531;Spain;Switzerland;ESP;Q1
P0953;10.3390/joitmc6040130;21998531;Spain;Switzerland;ESP;Q1
P0954;10.3390/joitmc7010036;21998531;Spain;Switzerland;ESP;Q1
P0956;10.3390/joitmc7010043;21998531;Spain;Switzerland;ESP;Q1
P0957;10.1016/j.techfore.2020.120316;401625;Spain;United States;ESP;Q1
P0958;10.1016/j.techfore.2020.120338;401625;Spain;United States;ESP;Q1
P0960;10.1016/j.techfore.2020.119987;401625;Spain;United States;ESP;Q1
P0961;10.1016/j.jbusres.2019.10.029;1482963;Spain;Netherlands;ESP;Q1
P0962;10.1111/jnu.12559;15276546;Spain;United Kingdom;ESP;Q1
P0963;10.1080/00472778.2019.1680072;472778;Spain;United Kingdom;ESP;Q1
P0965;10.1007/s11846-018-0294-z;18636683;Spain;Germany;ESP;Q1
P0966;10.1016/j.rser.2019.109505;13640321;Spain;Netherlands;ESP;Q1
P0967;10.1007/s40558-019-00165-y;10983058;Spain;United States;ESP;Q1
P0968;10.1109/ACCESS.2020.2974378;21693536;Spain;United States;ESP;Q1
P0969;10.1109/ACCESS.2020.2978933;21693536;Spain;United States;ESP;Q1
P0970;10.1108/JKM-08-2019-0437;13673270;Spain;United Kingdom;ESP;Q1
P0971;10.1108/IJCHM-03-2018-0260;9596119;Spain;United Kingdom;ESP;Q1
P0975;10.1080/10438599.2019.1615169;10438599;Spain;United Kingdom;ESP;Q1
P0976;10.1109/ACCESS.2019.2923094;21693536;Spain;United States;ESP;Q1
P0977;10.1108/BPMJ-05-2016-0098;14637154;Spain;United Kingdom;ESP;Q1
P0978;10.1080/00343404.2017.1395004;343404;Spain;United Kingdom;ESP;Q1
P0980;10.1287/isre.2017.0705;10477047;Spain;United States;ESP;Q1
P0981;10.1016/j.techfore.2017.02.014;401625;Spain;United States;ESP;Q1
P0983;10.1016/j.giq.2016.09.003;0740624X;Spain;United Kingdom;ESP;Q1
P0984;10.1108/JKM-09-2016-0403;13673270;Spain;United Kingdom;ESP;Q1
P0985;10.1108/MD-04-2016-0213;251747;Spain;United Kingdom;ESP;Q1
P0986;10.1108/JBIM-07-2016-0150;8858624;Spain;United Kingdom;ESP;Q1
P0987;10.1177/0008125616683951;81256;Spain;United States;ESP;Q1
P0988;10.1016/j.techfore.2016.05.007;401625;Spain;United States;ESP;Q1
P0989;10.1002/smj.2375;1432095;Spain;United States;ESP;Q1
P0990;10.1108/IMDS-09-2015-0405;2635577;Spain;United Kingdom;ESP;Q1
P0992;10.1007/s11628-014-0243-0;18628516;Spain;Germany;ESP;Q1
P0995;10.1016/j.jengtecman.2014.10.002;9234748;Spain;Netherlands;ESP;Q1
P0996;10.1016/j.bushor.2013.12.009;76813;Spain;United Kingdom;ESP;Q1
P0998;10.1108/JKM-07-2013-0257;13673270;Spain;United Kingdom;ESP;Q1
P0999;10.1007/s11365-013-0267-2;15547191;Spain;Germany;ESP;Q1
P1000;10.1016/j.eswa.2012.10.070;9574174;Spain;United Kingdom;ESP;Q1
P1001;10.1177/0266242612467659;2662426;Spain;United Kingdom;ESP;Q1
P1003;10.1108/00251741211246978;251747;Spain;United Kingdom;ESP;Q1
P1004;10.1111/j.1467-9310.2010.00594.x;336807;Spain;United Kingdom;ESP;Q1
P1006;10.1525/cmr.2010.52.3.106;81256;Sweden;United States;SWE;Q1
P1008;10.1260/1757-2223.2.3.123;17572223;Sweden;United Kingdom;SWE;Q1
P1021;10.1111/radm.12197;336807;Sweden;United Kingdom;SWE;Q1
P1023;10.1109/MITP.2019.2893134;15209202;Sweden;United States;SWE;Q1
P1025;10.3390/joitmc7010039;21998531;Sweden;Switzerland;SWE;Q1
P1026;10.1111/caim.12338;9631690;Sweden;United Kingdom;SWE;Q1
P1027;10.1111/radm.12389;336807;Sweden;United Kingdom;SWE;Q1
P1029;10.1111/radm.12355;336807;Sweden;United Kingdom;SWE;Q1
P1030;10.1111/caim.12274;9631690;Sweden;United Kingdom;SWE;Q1
P1031;10.1007/s10664-017-9511-7;13823256;Sweden;Netherlands;SWE;Q1
P1032;10.1016/j.jss.2017.09.032;1641212;Sweden;Netherlands;SWE;Q1
P1033;10.1108/MD-04-2016-0233;251747;Sweden;United Kingdom;SWE;Q1
P1034;10.1108/BPMJ-10-2016-0211;14637154;Sweden;United Kingdom;SWE;Q1
P1037;10.1111/caim.12177;9631690;Sweden;United Kingdom;SWE;Q1
P1038;10.1111/jpim.12302;7376782;Sweden;United Kingdom;SWE;Q1
P1039;10.1007/s10664-015-9380-x;13823256;Sweden;Netherlands;SWE;Q1
P1040;10.1093/icc/dtw004;9606491;Sweden;United Kingdom;SWE;Q1
P1041;10.1016/j.respol.2015.08.003;487333;Sweden;Netherlands;SWE;Q1
P1042;10.1504/IJTM.2016.081573;2675730;Sweden;United Kingdom;SWE;Q1
P1043;10.1111/caim.12098;9631690;Sweden;United Kingdom;SWE;Q1
P1045;10.5437/08956308X5705258;8956308;Sweden;United Kingdom;SWE;Q1
P1046;10.1111/caim.12035;9631690;Sweden;United Kingdom;SWE;Q1
P1047;10.1016/j.infoandorg.2012.05.001;14717727;Sweden;United Kingdom;SWE;Q1
P1048;10.1111/j.1467-8691.2012.00639.x;9631690;Sweden;United Kingdom;SWE;Q1
P1049;10.1111/j.1540-627X.2012.00354.x;472778;Sweden;United Kingdom;SWE;Q1
P1050;10.1111/j.1467-8691.2011.00616.x;9631690;Sweden;United Kingdom;SWE;Q1
P1051;10.1111/j.1467-8691.2011.00611.x;9631690;Sweden;United Kingdom;SWE;Q1
P1052;10.1504/IJTM.2011.042984;2675730;Sweden;United Kingdom;SWE;Q1
P1053;10.1111/j.1467-9310.2008.00539.x;336807;Sweden;United Kingdom;SWE;Q1
P1057;10.3233/JID190015;10920617;Switzerland;United Kingdom;CHE;Q1
P1059;10.3389/fphar.2020.587526;16639812;Switzerland;Switzerland;CHE;Q1
P1060;10.5465/amp.2016.0175;15589080;Switzerland;United States;CHE;Q1
P1062;10.1111/jpim.12424;7376782;Switzerland;United Kingdom;CHE;Q1
P1063;10.1111/jpim.12361;7376782;Switzerland;United Kingdom;CHE;Q1
P1064;10.1504/EJIM.2017.10006514;17516757;Switzerland;United Kingdom;CHE;Q1
P1065;10.1093/icc/dtw002;9606491;Switzerland;United Kingdom;CHE;Q1
P1066;10.1093/icc/dtw005;9606491;Switzerland;United Kingdom;CHE;Q1
P1067;10.1504/IJTM.2016.10001579;2675730;Switzerland;United Kingdom;CHE;Q1
P1068;10.1111/j.1937-5956.2012.01367.x;10591478;Switzerland;United States;CHE;Q1
P1069;10.1002/smj.2049;1432095;Switzerland;United States;CHE;Q1
P1070;10.1016/j.lrp.2011.09.006;246301;Switzerland;United Kingdom;CHE;Q1
P1071;10.1177/0891242410366563;8912424;Switzerland;United States;CHE;Q1
P1072;10.1111/j.1467-9310.2010.00596.x;336807;Switzerland;United Kingdom;CHE;Q1
P1073;10.1016/j.orgdyn.2010.01.010;902616;Switzerland;United Kingdom;CHE;Q1
P1074;10.1504/IJTM.2010.035983;2675730;Switzerland;United Kingdom;CHE;Q1
P1075;10.1111/j.1467-6486.2009.00854.x;222380;Switzerland;United Kingdom;CHE;Q1
P1076;10.1111/j.1467-9310.2009.00563.x;336807;Switzerland;United Kingdom;CHE;Q1
P1077;10.1016/j.technovation.2008.10.001;1664972;Switzerland;United Kingdom;CHE;Q1
P1078;10.1504/IJTM.2006.009249;2675730;Switzerland;United Kingdom;CHE;Q1
P1082;10.1007/s10490-019-09656-2;2174561;Taiwan;United States;TAI;Q1
P1083;10.1016/j.jbusres.2020.09.052;1482963;Taiwan;Netherlands;TAI;Q1
P1085;10.1108/SAMPJ-04-2018-0103;20408021;Taiwan;United Kingdom;TAI;Q1
P1089;10.1108/JKM-06-2016-0238;13673270;Taiwan;United Kingdom;TAI;Q1
P1092;10.1016/j.jengtecman.2016.07.002;9234748;Taiwan;Netherlands;TAI;Q1
P1093;10.1108/MD-01-2016-0012;251747;Taiwan;United Kingdom;TAI;Q1
P1094;10.1080/14479338.2016.1159526;14479338;Taiwan;United Kingdom;TAI;Q1
P1095;10.1016/j.techfore.2015.07.006;401625;Taiwan;United States;TAI;Q1
P1096;10.1108/JBIM-09-2013-0191;8858624;Taiwan;United Kingdom;TAI;Q1
P1097;10.1108/MD-03-2014-0163;251747;Taiwan;United Kingdom;TAI;Q1
P1099;10.1016/j.technovation.2013.06.006;1664972;Taiwan;United Kingdom;TAI;Q1
P1100;10.1108/08858621311330281;8858624;Taiwan;United Kingdom;TAI;Q1
P1102;10.1016/j.joi.2011.12.001;17511577;Taiwan;Netherlands;TAI;Q1
P1104;10.1504/IJTM.2010.035976;2675730;Taiwan;United Kingdom;TAI;Q1
P1106;10.3390/joitmc7010024;21998531;Thailand;Switzerland;THA;Q1
P1107;10.3390/joitmc7010026;21998531;Thailand;Switzerland;THA;Q1
P1108;10.1007/s11747-019-00674-6;920703;Thailand;United States;THA;Q1
P1110;10.1108/JSBED-04-2020-0109;14626004;Tunisia;United Kingdom;TUN;Q1
P1120;10.3390/joitmc6040199;21998531;United Arab Emirates;Switzerland;ARAB;Q1
P1121;10.3390/joitmc6040180;21998531;United Arab Emirates;Switzerland;ARAB;Q1
P1122;10.1108/MD-07-2017-0660;251747;United Arab Emirates;United Kingdom;ARAB;Q1
P1123;10.1016/j.techfore.2018.03.017;401625;United Arab Emirates;United States;ARAB;Q1
P1125;10.1108/MD-03-2016-0161;251747;United Arab Emirates;United Kingdom;ARAB;Q1
P1128;10.1111/j.1468-2370.2007.00225.x;14608545;United Kingdom;United Kingdom;ENG;Q1
P1129;10.1111/j.1467-8691.2009.00543.x;9631690;United Kingdom;United Kingdom;ENG;Q1
P1134;10.1108/13552551011082498;13552554;United Kingdom;United Kingdom;ENG;Q1
P1137;10.1108/13552551211239483;13552554;United Kingdom;United Kingdom;ENG;Q1
P1138;10.1108/13552551211239492;13552554;United Kingdom;United Kingdom;ENG;Q1
P1140;10.1108/14626001311326725;14626004;United Kingdom;United Kingdom;ENG;Q1
P1144;10.1080/10438599.2014.924745;10438599;United Kingdom;United Kingdom;ENG;Q1
P1148;10.1080/14479338.2016.1276406;14479338;United Kingdom;United Kingdom;ENG;Q1
P1152;10.3389/fmicb.2019.02134;1664302X;United Kingdom;Switzerland;ENG;Q1
P1153;10.1016/j.respol.2020.104146;487333;United Kingdom;Netherlands;ENG;Q1
P1154;10.1016/j.techfore.2020.120199;401625;United Kingdom;United States;ENG;Q1
P1155;10.1111/radm.12425;336807;United Kingdom;United Kingdom;ENG;Q1
P1156;10.1007/s10961-019-09720-5;8929912;United Kingdom;United States;ENG;Q1
P1157;10.1016/j.actaastro.2019.09.029;945765;United Kingdom;United Kingdom;ENG;Q1
P1158;10.1016/j.respol.2019.103823;487333;United Kingdom;Netherlands;ENG;Q1
P1161;10.1016/j.ijinfomgt.2019.07.012;2684012;United Kingdom;United Kingdom;ENG;Q1
P1163;10.1016/j.respol.2019.03.011;487333;United Kingdom;Netherlands;ENG;Q1
P1164;10.1111/jpim.12511;7376782;United Kingdom;United Kingdom;ENG;Q1
P1165;10.1080/09537287.2019.1582093;9537287;United Kingdom;United Kingdom;ENG;Q1
P1166;10.1016/j.technovation.2018.07.003;1664972;United Kingdom;United Kingdom;ENG;Q1
P1167;10.1016/j.marpol.2018.03.004;0308597X;United Kingdom;United Kingdom;ENG;Q1
P1168;10.1177/0266242617696347;2662426;United Kingdom;United Kingdom;ENG;Q1
P1169;10.1111/jpim.12374;7376782;United Kingdom;United Kingdom;ENG;Q1
P1170;10.1080/13662716.2016.1244764;13662716;United Kingdom;United Kingdom;ENG;Q1
P1171;10.1080/13662716.2016.1255598;13662716;United Kingdom;United Kingdom;ENG;Q1
P1172;10.1108/IJOPM-07-2015-0415;1443577;United Kingdom;United Kingdom;ENG;Q1
P1173;10.1108/JKM-10-2016-0465;13673270;United Kingdom;United Kingdom;ENG;Q1
P1175;10.1111/jsbm.12220;472778;United Kingdom;United Kingdom;ENG;Q1
P1176;10.1016/j.marpol.2015.03.001;0308597X;United Kingdom;United Kingdom;ENG;Q1
P1177;10.1108/JEIM-09-2014-099;17410398;United Kingdom;United Kingdom;ENG;Q1
P1179;10.1016/j.technovation.2014.07.004;1664972;United Kingdom;United Kingdom;ENG;Q1
P1180;10.1525/cmr.2014.56.2.77;81256;United Kingdom;United States;ENG;Q1
P1181;10.1093/cjres/rsu007;17521378;United Kingdom;United Kingdom;ENG;Q1
P1182;10.1016/j.tra.2014.08.021;9658564;United Kingdom;United Kingdom;ENG;Q1
P1183;10.1525/cmr.2014.56.4.124;81256;United Kingdom;United States;ENG;Q1
P1184;10.1016/j.respol.2013.09.006;487333;United Kingdom;Netherlands;ENG;Q1
P1186;10.1504/IJTM.2014.064588;2675730;United Kingdom;United Kingdom;ENG;Q1
P1187;10.1016/j.techfore.2012.10.030;401625;United Kingdom;United States;ENG;Q1
P1188;10.1177/0266242612472214;2662426;United Kingdom;United Kingdom;ENG;Q1
P1189;10.1177/0266242612458517;2662426;United Kingdom;United Kingdom;ENG;Q1
P1190;10.1177/0266242612454671;2662426;United Kingdom;United Kingdom;ENG;Q1
P1191;10.1177/0266242612458942;2662426;United Kingdom;United Kingdom;ENG;Q1
P1192;10.1016/j.techfore.2012.07.013;401625;United Kingdom;United States;ENG;Q1
P1193;10.5437/08956308X5504074;8956308;United Kingdom;United Kingdom;ENG;Q1
P1195;10.1016/j.technovation.2011.05.002;1664972;United Kingdom;United Kingdom;ENG;Q1
P1196;10.1504/IJTM.2010.035986;2675730;United Kingdom;United Kingdom;ENG;Q1
P1198;10.1111/j.1467-9310.2009.00569.x;336807;United Kingdom;United Kingdom;ENG;Q1
P1199;10.1016/j.respol.2004.12.005;487333;United Kingdom;Netherlands;ENG;Q1
P1201;10.1080/08956308.2004.11671604;8956308;United States;United Kingdom;USA;Q1
P1202;10.1080/08956308.2006.11657373;8956308;United States;United Kingdom;USA;Q1
P1204;10.1080/08956308.2010.11657649;8956308;United States;United Kingdom;USA;Q1
P1208;10.1260/1757-2223.2.4.175;17572223;United States;United Kingdom;USA;Q1
P1212;10.1177/1087057111405379;10870571;United States;United States;USA;Q1
P1216;10.1080/10408398.2010.538093;10408398;United States;United Kingdom;USA;Q1
P1218;10.1080/20932685.2013.859876;20932685;United States;United Kingdom;USA;Q1
P1220;10.1016/j.actaastro.2014.05.010;945765;United States;United Kingdom;USA;Q1
P1222;10.1016/j.bmcl.2014.01.021;0960894X;United States;United Kingdom;USA;Q1
P1224;10.1016/j.cherd.2015.08.001;2638762;United States;United Kingdom;USA;Q1
P1225;10.1016/j.spacepol.2015.06.002;2659646;United States;United Kingdom;USA;Q1
P1226;10.1080/17538947.2014.965880;17538947;United States;United Kingdom;USA;Q1
P1227;10.1109/MNET.2016.7513862;8908044;United States;United States;USA;Q1
P1231;10.1115/1.4041858;10500472;United States;United States;USA;Q1
P1234;10.1371/journal.pone.0222165;19326203;United States;United States;USA;Q1
P1235;10.1111/radm.12456;336807;United States;United Kingdom;USA;Q1
P1236;10.1111/radm.12451;336807;United States;United Kingdom;USA;Q1
P1237;10.1177/0022243720964429;222437;United States;United States;USA;Q1
P1238;10.1111/radm.12453;336807;United States;United Kingdom;USA;Q1
P1239;10.1111/1744-7941.12281;10384111;United States;United States;USA;Q1
P1241;10.1007/s11365-020-00727-1;15547191;United States;Germany;USA;Q1
P1244;10.1108/JKM-02-2020-0122;13673270;United States;United Kingdom;USA;Q1
P1245;10.1111/radm.12438;336807;United States;United Kingdom;USA;Q1
P1246;10.1108/JKM-04-2020-0303;13673270;United States;United Kingdom;USA;Q1
P1250;10.1111/radm.12371;336807;United States;United Kingdom;USA;Q1
P1251;10.1111/radm.12347;336807;United States;United Kingdom;USA;Q1
P1252;10.1111/radm.12345;336807;United States;United Kingdom;USA;Q1
P1253;10.1111/radm.12343;336807;United States;United Kingdom;USA;Q1
P1254;10.1111/radm.12364;336807;United States;United Kingdom;USA;Q1
P1255;10.1111/radm.12313;336807;United States;United Kingdom;USA;Q1
P1256;10.1111/radm.12397;336807;United States;United Kingdom;USA;Q1
P1257;10.1108/INTR-01-2019-0024;10662243;United States;United Kingdom;USA;Q1
P1258;10.1177/0008125619883617;81256;United States;United States;USA;Q1
P1259;10.1111/jfb.13970;221112;United States;United Kingdom;USA;Q1
P1261;10.1111/radm.12377;336807;United States;United Kingdom;USA;Q1
P1262;10.1111/radm.12362;336807;United States;United Kingdom;USA;Q1
P1263;10.1111/radm.12338;336807;United States;United Kingdom;USA;Q1
P1264;10.1177/0001839217747876;18392;United States;United States;USA;Q1
P1265;10.1016/j.respol.2018.07.010;487333;United States;Netherlands;USA;Q1
P1266;10.1111/jpim.12471;7376782;United States;United Kingdom;USA;Q1
P1267;10.1002/sej.1300;19324391;United States;United States;USA;Q1
P1268;10.1002/sej.1298;19324391;United States;United States;USA;Q1
P1269;10.1177/0008125617742146;81256;United States;United States;USA;Q1
P1270;10.1108/JBIM-11-2016-0276;8858624;United States;United Kingdom;USA;Q1
P1271;10.1080/08956308.2018.1399022;8956308;United States;United Kingdom;USA;Q1
P1272;10.1016/j.orgdyn.2017.05.001;902616;United States;United Kingdom;USA;Q1
P1273;10.1093/icc/dtw043;9606491;United States;United Kingdom;USA;Q1
P1274;10.1007/s10961-016-9497-0;8929912;United States;United States;USA;Q1
P1275;10.1016/j.geoforum.2017.01.011;167185;United States;United Kingdom;USA;Q1
P1276;10.1080/14479338.2016.1258995;14479338;United States;United Kingdom;USA;Q1
P1277;10.1080/08956308.2017.1373048;8956308;United States;United Kingdom;USA;Q1
P1278;10.1080/08956308.2017.1255054;8956308;United States;United Kingdom;USA;Q1
P1279;10.1111/jpim.12334;7376782;United States;United Kingdom;USA;Q1
P1280;10.1111/jsbm.12120;472778;United States;United Kingdom;USA;Q1
P1281;10.1177/0894439314560851;8944393;United States;United States;USA;Q1
P1282;10.1002/smj.2284;1432095;United States;United States;USA;Q1
P1283;10.5437/08956308X5803325;8956308;United States;United Kingdom;USA;Q1
P1284;10.1111/caim.12072;9631690;United States;United Kingdom;USA;Q1
P1286;10.1525/cmr.2014.56.4.144;81256;United States;United States;USA;Q1
P1287;10.5437/08956308X5702196;8956308;United States;United Kingdom;USA;Q1
P1288;10.1111/puar.12141;333352;United States;United Kingdom;USA;Q1
P1290;10.5437/08956308X5604107;8956308;United States;United Kingdom;USA;Q1
P1291;10.5437/08956308X5603936;8956308;United States;United Kingdom;USA;Q1
P1292;10.1177/1461444812450682;14614448;United States;United States;USA;Q1
P1293;10.1177/0885412212469112;8854122;United States;United States;USA;Q1
P1294;10.1111/j.1540-5885.2012.00973.x;7376782;United States;United Kingdom;USA;Q1
P1295;10.5437/08956308X5504079;8956308;United States;United Kingdom;USA;Q1
P1296;10.5437/08956308X5504085;8956308;United States;United Kingdom;USA;Q1
P1297;10.5437/08956308X5503031;8956308;United States;United Kingdom;USA;Q1
P1298;10.1525/cmr.2012.54.3.140;81256;United States;United States;USA;Q1
P1299;10.1108/00251741211194877;251747;United States;United Kingdom;USA;Q1
P1300;10.1108/00251741211194921;251747;United States;United Kingdom;USA;Q1
P1303;10.1111/j.1467-9310.2010.00605.x;336807;United States;United Kingdom;USA;Q1
P1304;10.1111/j.1467-9310.2009.00570.x;336807;United States;United Kingdom;USA;Q1
P1305;10.1287/mnsc.1080.0884;251909;United States;United States;USA;Q1
P1306;10.2307/41166416;81256;United States;United States;USA;Q1
P1307;10.1287/orsc.1060.0242;10477039;United States;United States;USA;Q1
P1308;10.1111/j.1467-9310.2006.00428.x;336807;United States;United Kingdom;USA;Q1
P1309;10.1111/j.1467-9310.2006.00436.x;336807;United States;United Kingdom;USA;Q1
P1310;10.2307/41166175;81256;United States;United States;USA;Q1
P1311;10.3390/joitmc5040088;21998531;Viet Nam;Switzerland;VNM;Q1
